,C-index,Concordance,Discordant,Tied risk,Tied time
0,0.829955938724753,173860.0,35621.0,0.0,89.0
1,0.8262955812863586,192179.0,40400.0,0.0,6300.0
2,0.8461568428844131,195480.0,35541.0,0.0,10030.0
3,0.8389291981858671,195520.0,37539.0,0.0,7540.0
4,0.8491643634479185,157306.0,27942.0,0.0,9138.0
5,0.8290997086739968,176449.0,36371.0,0.0,6360.0
6,0.83847113913835,178700.0,34426.0,0.0,7738.0
7,0.8062145051030012,175604.0,42209.0,0.0,7587.0
8,0.817229044894179,172951.0,38680.0,0.0,8948.0
9,0.8303943923655097,196654.0,40166.0,0.0,8767.0
10,0.8341399506117506,193553.0,38486.0,0.0,1336.0
11,0.8423006200230989,221707.0,41509.0,0.0,9814.0
12,0.8208265046032992,176797.0,38592.0,0.0,7599.0
13,0.8313142311102536,180953.0,36718.0,0.0,8877.0
14,0.8433070243687305,202688.0,37661.0,0.0,2531.0
15,0.8679117971334068,196799.0,29951.0,0.0,5044.0
16,0.8754748946228487,172599.0,24550.0,0.0,3913.0
17,0.8523445599420167,185806.0,32188.0,0.0,8779.0
18,0.8428433151256621,173281.0,32310.0,0.0,5111.0
19,0.8272914462747468,175174.0,36570.0,0.0,3850.0
20,0.8506609730613728,187256.0,32874.0,0.0,5089.0
21,0.8364928688769414,179237.0,35035.0,0.0,7626.0
22,0.862070426513511,183121.0,29299.0,0.0,98.0
23,0.8613865579834622,183030.0,29453.0,0.0,5127.0
24,0.8494339286244911,171516.0,30402.0,0.0,2631.0
25,0.8363733445208288,175436.0,34322.0,0.0,6338.0
26,0.8483632931485692,197745.0,35345.0,0.0,3832.0
27,0.8253230790987476,198425.0,41996.0,0.0,3808.0
28,0.8353971251182547,218113.0,42976.0,0.0,8656.0
29,0.8466290417508817,185565.0,33616.0,0.0,7549.0
30,0.8656804980599582,186742.0,28975.0,0.0,6363.0
31,0.8690784451662151,174192.0,26241.0,0.0,2616.0
32,0.8706708165022184,184072.0,27342.0,0.0,6385.0
33,0.8444559854583226,185364.0,34143.0,0.0,3809.0
34,0.8493739622133465,189266.0,33564.0,0.0,7612.0
35,0.8410684920864427,194868.0,36823.0,0.0,11280.0
36,0.8593032832284196,178418.0,29213.0,0.0,7731.0
37,0.8442683064425138,209517.0,38647.0,0.0,8720.0
38,0.8746755422521053,195783.0,28052.0,0.0,6304.0
39,0.8583030468377001,176177.0,29085.0,0.0,3878.0
40,0.8525247451485157,190090.0,32883.0,0.0,6308.0
41,0.8458568578513331,209446.0,38168.0,0.0,3803.0
42,0.8358838904286989,211711.0,41567.0,0.0,7417.0
43,0.8507812220672888,190364.0,33388.0,0.0,8909.0
44,0.8333614200651612,178026.0,35598.0,0.0,1464.0
45,0.8488055774405019,171300.0,30513.0,0.0,7674.0
46,0.8613829704563427,188437.0,30324.0,0.0,5086.0
47,0.8308255959422313,195249.0,39757.0,0.0,6332.0
48,0.8627698080312305,182110.0,28966.0,0.0,2587.0
49,0.8426506967725914,176446.0,32948.0,0.0,7597.0
50,0.8090243061541114,187726.0,44314.0,0.0,11180.0
51,0.8608703225776877,187798.0,30351.0,0.0,3861.0
52,0.8875283917853888,187951.0,23818.0,0.0,3885.0
53,0.8573551402748126,182320.0,30334.0,0.0,7533.0
54,0.8573327068293678,180634.0,30059.0,0.0,2618.0
55,0.8484578719931749,182992.0,32684.0,0.0,5076.0
56,0.859113168484157,198767.0,32596.0,0.0,8833.0
57,0.8765888180553788,199793.0,28128.0,0.0,11286.0
58,0.8725014307819489,205810.0,30075.0,0.0,11337.0
59,0.8470204112806217,177444.0,32048.0,0.0,6376.0
60,0.831629088019437,182096.0,36867.0,0.0,2603.0
61,0.8384514720910768,181321.0,34936.0,0.0,3849.0
62,0.819103249444411,163647.0,36141.0,0.0,6344.0
63,0.8601606402071258,175416.0,28518.0,0.0,2616.0
64,0.8349643623738607,213558.0,42211.0,0.0,6280.0
65,0.870584145265241,195326.0,29036.0,0.0,5099.0
66,0.8802860408364995,170985.0,23253.0,0.0,6415.0
67,0.8355681827512871,203516.0,40050.0,0.0,8739.0
68,0.8349036888969653,183779.0,36341.0,0.0,7593.0
69,0.8276935369978072,178166.0,37090.0,0.0,7619.0
70,0.860206813817389,188584.0,30647.0,0.0,6357.0
71,0.8469676134877717,200794.0,36280.0,0.0,6313.0
72,0.8641631518404908,180299.0,28341.0,0.0,6411.0
73,0.8536729671945245,190457.0,32646.0,0.0,3869.0
74,0.8779551613697956,178181.0,24769.0,0.0,2623.0
75,0.8444097114554612,201515.0,37131.0,0.0,5067.0
76,0.8284748606814097,173790.0,35981.0,0.0,10144.0
77,0.820168702406703,203994.0,44728.0,0.0,11254.0
78,0.8616216266037457,186965.0,30027.0,0.0,3878.0
79,0.8332442470841386,182388.0,36501.0,0.0,6329.0
80,0.8566141961655895,158794.0,26580.0,0.0,6530.0
81,0.84614637043436,156719.0,28496.0,0.0,7844.0
82,0.843973432678558,179422.0,33170.0,0.0,3867.0
83,0.8535555987978638,197389.0,33866.0,0.0,7536.0
84,0.8470303584444262,196395.0,35468.0,0.0,3818.0
85,0.8484636127435311,207037.0,36977.0,0.0,7510.0
86,0.8585928825383295,153106.0,25216.0,0.0,5231.0
87,0.8357656409749019,202730.0,39838.0,0.0,8835.0
88,0.8342110601695947,205608.0,40862.0,0.0,7448.0
89,0.8689137519928891,184758.0,27873.0,0.0,7625.0
90,0.8261165317758791,190671.0,40133.0,0.0,11293.0
91,0.8477465136646382,188755.0,33900.0,0.0,6347.0
92,0.8589217949412071,174508.0,28663.0,0.0,6419.0
93,0.8595160182604129,212756.0,34774.0,0.0,5018.0
94,0.8527352485373475,168926.0,29173.0,0.0,5181.0
95,0.855157458971958,173520.0,29390.0,0.0,3892.0
96,0.8485077049399454,177742.0,31734.0,0.0,5083.0
97,0.8411962146286887,180445.0,34065.0,0.0,5112.0
98,0.8639312825404396,173899.0,27389.0,0.0,2604.0
99,0.8563786237552885,199782.0,33505.0,0.0,10091.0
100,0.8646908293294339,165571.0,25909.0,0.0,2628.0
101,0.8395417175082375,183706.0,35111.0,0.0,3853.0
102,0.8217974794139614,174950.0,37937.0,0.0,11529.0
103,0.8735361398477244,179095.0,25928.0,0.0,10248.0
104,0.8723547984433512,178209.0,26076.0,0.0,2620.0
105,0.8501311148532603,202945.0,35777.0,0.0,6300.0
106,0.8436770636947235,176763.0,32752.0,0.0,7626.0
107,0.8708827860185194,176251.0,26131.0,0.0,3877.0
108,0.8693168024969655,200534.0,30146.0,0.0,5116.0
109,0.8578707010367292,198181.0,32834.0,0.0,2609.0
110,0.856638786007256,180869.0,30269.0,0.0,3855.0
111,0.8384032087390081,181438.0,34971.0,0.0,6303.0
112,0.8439566352374427,200768.0,37121.0,0.0,6331.0
113,0.8541041443372633,191251.0,32669.0,0.0,7616.0
114,0.8608777829480421,179456.0,29001.0,0.0,7730.0
115,0.8423261334413474,178841.0,33477.0,0.0,8733.0
116,0.8669941010295292,201942.0,30980.0,0.0,6342.0
117,0.8473501179893899,191030.0,34414.0,0.0,6347.0
118,0.8413452272109516,170242.0,32103.0,0.0,5137.0
119,0.8613177305405995,166050.0,26736.0,0.0,5170.0
120,0.8509664621488213,184464.0,32306.0,0.0,6341.0
121,0.8515841772828466,183226.0,31933.0,0.0,5160.0
122,0.8612036429809208,198293.0,31958.0,0.0,10064.0
123,0.8361923742029465,187134.0,36659.0,0.0,7599.0
124,0.8507514090373867,182795.0,32068.0,0.0,6348.0
125,0.8646505317519366,197564.0,30926.0,0.0,11253.0
126,0.8601695293330359,192807.0,31343.0,0.0,7635.0
127,0.8485234287458482,211273.0,37716.0,0.0,3774.0
128,0.8222212955345871,216888.0,46895.0,0.0,8662.0
129,0.875673210262742,190071.0,26986.0,0.0,3831.0
130,0.8391277702322192,202646.0,38850.0,0.0,8740.0
131,0.8438914531629763,189230.0,35005.0,0.0,3863.0
132,0.820911703009043,186278.0,40638.0,0.0,7538.0
133,0.8587519950623713,178094.0,29293.0,0.0,5122.0
134,0.8279110828775218,177245.0,36842.0,0.0,1326.0
135,0.8564095517148138,193200.0,32393.0,0.0,5072.0
136,0.8548467784348183,199929.0,33948.0,0.0,3832.0
137,0.8807794619666881,196346.0,26577.0,0.0,5086.0
138,0.8667413838806137,186378.0,28655.0,0.0,3871.0
139,0.8298690325306295,196430.0,40270.0,0.0,3807.0
140,0.8497243699255006,192986.0,34130.0,0.0,7565.0
141,0.8481770669047746,174783.0,31286.0,0.0,8957.0
142,0.8629912740786039,183459.0,29126.0,0.0,3903.0
143,0.8533506613285262,203554.0,34981.0,0.0,8772.0
144,0.8627105552017129,190986.0,30393.0,0.0,8928.0
145,0.8500646995862422,212846.0,37542.0,0.0,7510.0
146,0.8368975506979194,190662.0,37158.0,0.0,10055.0
147,0.8620409256584172,180220.0,28842.0,0.0,5147.0
148,0.8471840966255123,199062.0,35907.0,0.0,7463.0
149,0.8663205598651218,200911.0,31002.0,0.0,5105.0
150,0.8068808666871643,178453.0,42711.0,0.0,7583.0
151,0.8412591579606202,196238.0,37029.0,0.0,7531.0
152,0.8397627603084664,183924.0,35095.0,0.0,6337.0
153,0.8327518675550172,206231.0,41419.0,0.0,6299.0
154,0.8578682323455014,184832.0,30623.0,0.0,6393.0
155,0.8560355326312773,179241.0,30144.0,0.0,8903.0
156,0.8350010409894923,196520.0,38833.0,0.0,1347.0
157,0.8333286065418793,176299.0,35261.0,0.0,6418.0
158,0.8511646301438002,208766.0,36505.0,0.0,1335.0
159,0.866796887747253,185934.0,28573.0,0.0,7557.0
160,0.8282469982284627,201973.0,41883.0,0.0,12398.0
161,0.8511722512497377,158181.0,27658.0,0.0,2639.0
162,0.8447808999540521,189372.0,34795.0,0.0,8755.0
163,0.8322557455709194,192182.0,38735.0,0.0,3900.0
164,0.8830211257881898,191854.0,25416.0,0.0,3868.0
165,0.8623978805442432,175128.0,27943.0,0.0,6356.0
166,0.8612641205222495,169334.0,27277.0,0.0,6453.0
167,0.8306723107569721,166799.0,34001.0,0.0,3875.0
168,0.8660051845892554,184072.0,28481.0,0.0,3860.0
169,0.8549805282372068,203517.0,34520.0,0.0,3818.0
170,0.8397768570838754,174923.0,33374.0,0.0,10122.0
171,0.8685680452219765,155498.0,23530.0,0.0,2638.0
172,0.858611191777326,195140.0,32134.0,0.0,6314.0
173,0.8607604579776389,192083.0,31072.0,0.0,9980.0
174,0.8488847504573019,179596.0,31971.0,0.0,3868.0
175,0.8606940573586263,210617.0,34089.0,0.0,3807.0
176,0.8373288993680691,184312.0,35807.0,0.0,8912.0
177,0.8725634358468574,194634.0,28426.0,0.0,10143.0
178,0.8225890083267611,188785.0,40716.0,0.0,12492.0
179,0.836207829695111,185404.0,36316.0,0.0,11303.0
180,0.8598393291905813,195653.0,31893.0,0.0,3843.0
181,0.8548168179901905,166267.0,28239.0,0.0,7686.0
182,0.8617689181987743,206990.0,33202.0,0.0,1323.0
183,0.851963530353264,178851.0,31077.0,0.0,10161.0
184,0.8615080299005928,153743.0,24715.0,0.0,3922.0
185,0.8705106246320184,195165.0,29031.0,0.0,7608.0
186,0.836521791893485,193009.0,37719.0,0.0,7483.0
187,0.8371116433187887,178612.0,34755.0,0.0,3859.0
188,0.8687786099370957,202885.0,30644.0,0.0,7573.0
189,0.854943789749863,154455.0,26206.0,0.0,2634.0
190,0.8433800240510831,199176.0,36988.0,0.0,8690.0
191,0.8670924993373973,163577.0,25073.0,0.0,5152.0
192,0.8798751560549314,211434.0,28866.0,0.0,5102.0
193,0.8524239753195241,193415.0,33485.0,0.0,6337.0
194,0.8587354588539423,175395.0,28853.0,0.0,2609.0
195,0.85612591194512,188697.0,31711.0,0.0,7589.0
196,0.8466481784187804,196303.0,35556.0,0.0,5060.0
197,0.8322230127417373,205872.0,41504.0,0.0,6261.0
198,0.836302635592156,186452.0,36496.0,0.0,7630.0
199,0.8598131819800197,164214.0,26774.0,0.0,7695.0
200,0.8267827551795801,180614.0,37840.0,0.0,8818.0
201,0.8403581925705584,189847.0,36065.0,0.0,8923.0
202,0.8258063233839993,166196.0,35057.0,0.0,1386.0
203,0.8318488308121798,182956.0,36983.0,0.0,8914.0
204,0.8177522171070762,181007.0,40340.0,0.0,3795.0
205,0.8446251129177959,196350.0,36120.0,0.0,2549.0
206,0.8649679191582622,174445.0,27233.0,0.0,7676.0
207,0.8547557898228204,190702.0,32405.0,0.0,11249.0
208,0.8649872751585214,160424.0,25040.0,0.0,7743.0
209,0.8626185741689383,196514.0,31297.0,0.0,6282.0
210,0.844040054262459,189146.0,34950.0,0.0,2576.0
211,0.8487874401514308,190574.0,33951.0,0.0,3878.0
212,0.8509352647848553,188563.0,33032.0,0.0,6392.0
213,0.8305371554192821,172275.0,35151.0,0.0,3843.0
214,0.8222264509990486,172832.0,37368.0,0.0,5114.0
215,0.8384423502171732,201336.0,38795.0,0.0,6284.0
216,0.8350680985169249,182039.0,35954.0,0.0,7570.0
217,0.8551110029120123,182650.0,30948.0,0.0,1365.0
218,0.8277496184755084,195805.0,40746.0,0.0,7617.0
219,0.8427848460483375,160371.0,29916.0,0.0,3914.0
220,0.8586882243286087,184715.0,30398.0,0.0,3833.0
221,0.8459977269037181,208420.0,37940.0,0.0,11236.0
222,0.85868015596283,199966.0,32910.0,0.0,1358.0
223,0.8707815938579807,174893.0,25953.0,0.0,5159.0
224,0.8176346058164151,167620.0,37386.0,0.0,7696.0
225,0.8564565452819297,179521.0,30088.0,0.0,10138.0
226,0.8573734003445573,204541.0,34026.0,0.0,13793.0
227,0.8371476304269673,197931.0,38504.0,0.0,6264.0
228,0.8484000743333853,168919.0,30184.0,0.0,9011.0
229,0.8585353417323504,202052.0,33293.0,0.0,2572.0
230,0.8481159553241749,184902.0,33113.0,0.0,6321.0
231,0.8383391201121059,187850.0,36224.0,0.0,6367.0
232,0.8596320525869762,191716.0,31305.0,0.0,12650.0
233,0.8813460550225419,166362.0,22397.0,0.0,9056.0
234,0.8339003593020093,174763.0,34810.0,0.0,6386.0
235,0.826619358746917,171936.0,36063.0,0.0,5126.0
236,0.8225936014863149,183301.0,39532.0,0.0,8787.0
237,0.8373371787900995,177101.0,34404.0,0.0,8962.0
238,0.8377061634997648,208397.0,40374.0,0.0,5022.0
239,0.844042482410713,169991.0,31410.0,0.0,3878.0
240,0.8233032034899731,170418.0,36575.0,0.0,6347.0
241,0.8425852682518263,199188.0,37213.0,0.0,5034.0
242,0.8614461123278112,204932.0,32961.0,0.0,3823.0
243,0.8475910918256653,199239.0,35826.0,0.0,10091.0
244,0.8475876025135797,198950.0,35775.0,0.0,3834.0
245,0.8442292937202882,213460.0,39386.0,0.0,2561.0
246,0.8446459605186935,189547.0,34863.0,0.0,6302.0
247,0.8542388020995914,177879.0,30352.0,0.0,3862.0
248,0.858913905119928,210202.0,34528.0,0.0,3812.0
249,0.8353078317934548,193474.0,38146.0,0.0,17491.0
250,0.8418295290128922,194913.0,36622.0,0.0,5028.0
251,0.8293087081080165,195687.0,40277.0,0.0,6320.0
252,0.8663835949818331,202207.0,31185.0,0.0,2585.0
253,0.8282280393749618,189646.0,39332.0,0.0,6325.0
254,0.8415783780071089,196044.0,36904.0,0.0,5091.0
255,0.83915714788431,176463.0,33823.0,0.0,13908.0
256,0.848797591875889,179620.0,31997.0,0.0,2624.0
257,0.8539040215778397,214645.0,36724.0,0.0,4993.0
258,0.8374342635599401,196344.0,38115.0,0.0,3830.0
259,0.8498754891497687,198287.0,35026.0,0.0,7484.0
260,0.8722836378063515,193476.0,28328.0,0.0,7626.0
261,0.8650928080659834,172118.0,26841.0,0.0,3876.0
262,0.8282872619534531,166060.0,34426.0,0.0,1362.0
263,0.8512417138904287,185815.0,32472.0,0.0,3829.0
264,0.8601166058617138,197094.0,32054.0,0.0,10093.0
265,0.8636849789864688,194615.0,30716.0,0.0,5097.0
266,0.8690785007485468,193310.0,29121.0,0.0,6344.0
267,0.8337791231206155,191710.0,38219.0,0.0,5097.0
268,0.8251362164405642,170974.0,36233.0,0.0,7683.0
269,0.8493360022384365,197305.0,35000.0,0.0,1350.0
270,0.8311759976785451,174724.0,35489.0,0.0,1336.0
271,0.8504323088558856,197899.0,34805.0,0.0,5019.0
272,0.8501504539899872,194097.0,34212.0,0.0,5070.0
273,0.8487412043421378,192026.0,34222.0,0.0,10045.0
274,0.8417998524711089,188298.0,35387.0,0.0,6367.0
275,0.85702994560871,183251.0,30570.0,0.0,1375.0
276,0.8248653639021388,187628.0,39837.0,0.0,10056.0
277,0.8390307799251899,177429.0,34040.0,0.0,8940.0
278,0.8283727654496638,180490.0,37395.0,0.0,5115.0
279,0.8248583811732502,173570.0,36854.0,0.0,5103.0
280,0.8637944706334496,177559.0,27998.0,0.0,2605.0
281,0.8634718058196552,222053.0,35110.0,0.0,7453.0
282,0.8506329828257557,180882.0,31762.0,0.0,2594.0
283,0.8571559006987227,178369.0,29725.0,0.0,6378.0
284,0.8525862639909928,193098.0,33387.0,0.0,3840.0
285,0.8563740425410746,180450.0,30264.0,0.0,3881.0
286,0.877079217468815,168258.0,23581.0,0.0,3899.0
287,0.8322272003098347,189097.0,38121.0,0.0,5057.0
288,0.8564428604376907,196808.0,32989.0,0.0,5084.0
289,0.8526705460937188,192099.0,33192.0,0.0,5092.0
290,0.8424971805527661,163602.0,30585.0,0.0,5173.0
291,0.8310077090989473,180450.0,36696.0,0.0,6291.0
292,0.8463234070870072,183141.0,33255.0,0.0,3866.0
293,0.8475770498158558,174906.0,31454.0,0.0,8901.0
294,0.8510530437291349,206491.0,36139.0,0.0,6242.0
295,0.838758568905822,180963.0,34788.0,0.0,1316.0
296,0.8666461300697548,165987.0,25541.0,0.0,1356.0
297,0.8607009406004381,200397.0,32433.0,0.0,7553.0
298,0.8471057067414964,173882.0,31384.0,0.0,6427.0
299,0.8662654102128169,202791.0,31307.0,0.0,6234.0
300,0.8262654191527063,193047.0,40591.0,0.0,7579.0
301,0.8422028724178292,212983.0,39905.0,0.0,9953.0
302,0.8572099317811472,217259.0,36190.0,0.0,9845.0
303,0.8619983796455906,200025.0,32023.0,0.0,11315.0
304,0.8700668507859485,202254.0,30204.0,0.0,7612.0
305,0.8468739630119507,181198.0,32763.0,0.0,12567.0
306,0.8318046669997236,171494.0,34677.0,0.0,3881.0
307,0.8651491900266948,175332.0,27329.0,0.0,5161.0
308,0.8457423672103722,202217.0,36883.0,0.0,10000.0
309,0.8788635852506624,179761.0,24777.0,0.0,2595.0
310,0.8560119297824216,171062.0,28774.0,0.0,5189.0
311,0.8578650929432344,178508.0,29576.0,0.0,11429.0
312,0.885254691689008,163449.0,21186.0,0.0,6482.0
313,0.8734454058651484,201282.0,29164.0,0.0,5065.0
314,0.825492006865114,195758.0,41383.0,0.0,7584.0
315,0.8516746000746842,198424.0,34557.0,0.0,3829.0
316,0.8441296677074607,166264.0,30701.0,0.0,10248.0
317,0.8453342744188587,201209.0,36814.0,0.0,9998.0
318,0.8559578794285175,190698.0,32091.0,0.0,7625.0
319,0.856943888814805,173508.0,28965.0,0.0,6440.0
320,0.8321043250575728,211015.0,42577.0,0.0,1310.0
321,0.8345017317187001,169867.0,33688.0,0.0,5163.0
322,0.8570437849539067,173014.0,28859.0,0.0,7690.0
323,0.8377165373249081,174333.0,33772.0,0.0,1344.0
324,0.8663667138021168,202184.0,31186.0,0.0,10041.0
325,0.8668657470476259,192172.0,29514.0,0.0,2596.0
326,0.8421453979446739,187742.0,35191.0,0.0,2587.0
327,0.8309258536292381,166014.0,33780.0,0.0,6453.0
328,0.8542951173850752,186637.0,31832.0,0.0,6315.0
329,0.8104155581111931,188856.0,44180.0,0.0,9983.0
330,0.8325388544765554,214646.0,43175.0,0.0,12385.0
331,0.8499517823167076,195664.0,34542.0,0.0,5071.0
332,0.8538369718277022,183119.0,31347.0,0.0,6408.0
333,0.8192324858805555,190891.0,42121.0,0.0,5088.0
334,0.8680283021570369,212114.0,32249.0,0.0,11145.0
335,0.8374804630213711,208438.0,40449.0,0.0,7546.0
336,0.8675929294895118,205066.0,31296.0,0.0,5086.0
337,0.8477186675003474,195233.0,35071.0,0.0,7510.0
338,0.831231119706158,183535.0,37264.0,0.0,10213.0
339,0.8606746655239728,216921.0,35115.0,0.0,6262.0
340,0.8663001918550066,191001.0,29478.0,0.0,3845.0
341,0.85902380573472,183527.0,30119.0,0.0,117.0
342,0.8210784427120683,177472.0,38673.0,0.0,5099.0
343,0.8464892833752995,208095.0,37738.0,0.0,5076.0
344,0.8507567877385527,200383.0,35152.0,0.0,11304.0
345,0.8277104397193066,180349.0,37540.0,0.0,2583.0
346,0.861524533907977,222686.0,35793.0,0.0,7469.0
347,0.8436926673038854,186246.0,34505.0,0.0,1336.0
348,0.8570315580002629,182606.0,30462.0,0.0,2657.0
349,0.8668125349222181,165992.0,25505.0,0.0,6477.0
350,0.8325543936371754,199515.0,40127.0,0.0,10064.0
351,0.8449877991668926,171410.0,31445.0,0.0,3883.0
352,0.8425579281946927,193774.0,36209.0,0.0,3847.0
353,0.8540223737773318,193220.0,33027.0,0.0,5111.0
354,0.8611690437222352,184161.0,29689.0,0.0,3814.0
355,0.834046411090071,186753.0,37159.0,0.0,6321.0
356,0.8506838602594998,213212.0,37424.0,0.0,9882.0
357,0.8716528968233507,219762.0,32359.0,0.0,8662.0
358,0.8431785676575894,175683.0,32675.0,0.0,11471.0
359,0.8415164123901988,182020.0,34280.0,0.0,3856.0
360,0.8544237681262062,193028.0,32888.0,0.0,3839.0
361,0.8469786033388197,180110.0,32540.0,0.0,5089.0
362,0.836083148249637,173917.0,34097.0,0.0,5116.0
363,0.8563443093652636,196245.0,32921.0,0.0,6321.0
364,0.8508340849947643,164131.0,28775.0,0.0,5184.0
365,0.8644822827051042,217349.0,34072.0,0.0,2558.0
366,0.8282609591204324,180951.0,37520.0,0.0,6387.0
367,0.8471443230857898,180795.0,32622.0,0.0,5108.0
368,0.8303007691424635,173586.0,35478.0,0.0,8949.0
369,0.8379394867497845,174004.0,33653.0,0.0,3881.0
370,0.8505063479653002,182750.0,32122.0,0.0,5089.0
371,0.8088134574681967,183045.0,43268.0,0.0,12583.0
372,0.8507317769686585,178743.0,31362.0,0.0,2599.0
373,0.8509669387449453,181821.0,31843.0,0.0,5105.0
374,0.8527883807135278,185658.0,32049.0,0.0,5138.0
375,0.8521248198804715,180365.0,31300.0,0.0,5134.0
376,0.8345609597703114,195334.0,38722.0,0.0,10080.0
377,0.8284089469461297,176553.0,36570.0,0.0,2601.0
378,0.8154399426487156,207019.0,46855.0,0.0,8672.0
379,0.8663793103448276,197583.0,30473.0,0.0,10029.0
380,0.8539701888907634,156923.0,26834.0,0.0,5213.0
381,0.8579586765450279,186443.0,30867.0,0.0,6311.0
382,0.847598613479647,182905.0,32887.0,0.0,3854.0
383,0.7887332777792712,176050.0,47156.0,0.0,10017.0
384,0.8394950095159359,194966.0,37276.0,0.0,8841.0
385,0.8405392964005595,189898.0,36026.0,0.0,3832.0
386,0.8449296955023745,181474.0,33306.0,0.0,10068.0
387,0.8480599041047017,194913.0,34921.0,0.0,15060.0
388,0.8500086117102856,207278.0,36576.0,0.0,2590.0
389,0.8718520022331625,171781.0,25249.0,0.0,3908.0
390,0.8438453282743941,189488.0,35065.0,0.0,6262.0
391,0.8571665458542386,180923.0,30148.0,0.0,7669.0
392,0.845321347582255,186756.0,34173.0,0.0,7645.0
393,0.8358424028138408,181555.0,35657.0,0.0,8762.0
394,0.8340052366900794,180603.0,35946.0,0.0,1366.0
395,0.8499431078268921,196455.0,34684.0,0.0,2583.0
396,0.838496251787323,202901.0,39081.0,0.0,8741.0
397,0.8526771024303107,199529.0,34474.0,0.0,12567.0
398,0.8407664176258105,187369.0,35486.0,0.0,5105.0
399,0.8577597437266418,200823.0,33302.0,0.0,7525.0
400,0.8344052811105266,196676.0,39032.0,0.0,1334.0
401,0.8724357803017917,181430.0,26528.0,0.0,7684.0
402,0.8535151081152607,219309.0,37639.0,0.0,8698.0
403,0.836298665287895,200567.0,39260.0,0.0,7508.0
404,0.8168786730156161,181673.0,40726.0,0.0,7566.0
405,0.835996962281664,198148.0,38872.0,0.0,5081.0
406,0.8324192051303687,177570.0,35748.0,0.0,5077.0
407,0.8424371520161971,199725.0,37355.0,0.0,3820.0
408,0.8605597022597824,209258.0,33907.0,0.0,2591.0
409,0.8701238209835811,179336.0,26768.0,0.0,75.0
410,0.8328735510764593,204996.0,41135.0,0.0,3827.0
411,0.8072257716945714,191792.0,45802.0,0.0,6309.0
412,0.8557070302058273,192072.0,32388.0,0.0,8857.0
413,0.8728971675978511,170764.0,24865.0,0.0,2629.0
414,0.8629073487479775,163722.0,26011.0,0.0,3918.0
415,0.8351159442322998,186767.0,36875.0,0.0,10064.0
416,0.8480741010223227,207472.0,37167.0,0.0,8714.0
417,0.8555226363602377,183075.0,30917.0,0.0,5112.0
418,0.8744475621698693,172337.0,24744.0,0.0,3890.0
419,0.867238831053424,188353.0,28834.0,0.0,3837.0
420,0.852966449339036,175700.0,30287.0,0.0,2594.0
421,0.8398542127307699,186881.0,35635.0,0.0,3847.0
422,0.8431503802056335,206571.0,38428.0,0.0,14801.0
423,0.8672462040155354,194937.0,29840.0,0.0,10047.0
424,0.882714103352576,170799.0,22694.0,0.0,96.0
425,0.84495521438793,191308.0,35104.0,0.0,7608.0
426,0.8690193161435505,184591.0,27822.0,0.0,5092.0
427,0.8433621233333184,188553.0,35020.0,0.0,7572.0
428,0.8462242148404773,186859.0,33956.0,0.0,6352.0
429,0.8350624138021908,190122.0,37552.0,0.0,3816.0
430,0.8560890313649776,188004.0,31604.0,0.0,2581.0
431,0.8532611894904146,173939.0,29913.0,0.0,2593.0
432,0.8585783772311664,198226.0,32651.0,0.0,7572.0
433,0.8505066708842169,225858.0,39699.0,0.0,11119.0
434,0.8586139191931558,182355.0,30028.0,0.0,5160.0
435,0.8512045639616559,178747.0,31246.0,0.0,3873.0
436,0.8340567697839892,163521.0,32534.0,0.0,2608.0
437,0.8380932177987245,181738.0,35109.0,0.0,5141.0
438,0.8585917832394695,165412.0,27243.0,0.0,5192.0
439,0.8539180711034567,180479.0,30875.0,0.0,6394.0
440,0.8681230781598569,215976.0,32809.0,0.0,6243.0
441,0.8562445470602005,160950.0,27022.0,0.0,7705.0
442,0.8451953927475013,183082.0,33533.0,0.0,5117.0
443,0.8659859238935942,181489.0,28086.0,0.0,2590.0
444,0.857692468531761,164080.0,27224.0,0.0,3880.0
445,0.8188650114168523,176083.0,38950.0,0.0,7594.0
446,0.8483452529417255,199994.0,35752.0,0.0,3852.0
447,0.8691898040432242,201732.0,30360.0,0.0,5076.0
448,0.8558265162971196,187895.0,31653.0,0.0,5039.0
449,0.8562346698703509,188155.0,31592.0,0.0,3845.0
450,0.8462761541600416,180432.0,32775.0,0.0,10043.0
451,0.8543685667221326,204353.0,34833.0,0.0,3815.0
452,0.8377972489992149,171823.0,33266.0,0.0,13894.0
453,0.8015631333854049,162145.0,40141.0,0.0,12677.0
454,0.8396192338865983,190607.0,36409.0,0.0,7606.0
455,0.8499673710143315,168019.0,29658.0,0.0,5160.0
456,0.8610755919537084,173065.0,27922.0,0.0,2628.0
457,0.8421126115316652,193008.0,36187.0,0.0,10001.0
458,0.822894815702727,197712.0,42552.0,0.0,5054.0
459,0.8452707063139986,187301.0,34286.0,0.0,5114.0
460,0.8549720429035501,205814.0,34912.0,0.0,10045.0
461,0.8531337698783911,183312.0,31557.0,0.0,7606.0
462,0.8652022415403405,192684.0,30020.0,0.0,3851.0
463,0.8647385696932103,167288.0,26167.0,0.0,5160.0
464,0.8552886348765474,192150.0,32511.0,0.0,3833.0
465,0.8289945036023989,185364.0,38237.0,0.0,7577.0
466,0.8775861388872453,177985.0,24827.0,0.0,5163.0
467,0.8592644287807942,184686.0,30249.0,0.0,7622.0
468,0.8271675132628176,176032.0,36781.0,0.0,8902.0
469,0.8543237937803492,181918.0,31020.0,0.0,7610.0
470,0.8429210574636458,188215.0,35074.0,0.0,18642.0
471,0.832979357627245,178844.0,35860.0,0.0,3882.0
472,0.8468566263618923,191133.0,34564.0,0.0,6323.0
473,0.8653892604979562,186301.0,28979.0,0.0,3844.0
474,0.8498514346534214,191633.0,33857.0,0.0,5093.0
475,0.851373182552504,168640.0,29440.0,0.0,1322.0
476,0.8535775241407547,185543.0,31828.0,0.0,5130.0
477,0.8533971888802809,169640.0,29142.0,0.0,11509.0
478,0.8666136437279334,205936.0,31697.0,0.0,10160.0
479,0.862563789081089,222946.0,35523.0,0.0,8640.0
480,0.8426332675857594,163620.0,30557.0,0.0,5179.0
481,0.8301720779964714,181156.0,37059.0,0.0,13863.0
482,0.8405984834807727,186243.0,35317.0,0.0,7597.0
483,0.8424913150450143,182856.0,34186.0,0.0,3878.0
484,0.8572300081755969,206559.0,34402.0,0.0,8802.0
485,0.865538490627659,201416.0,31290.0,0.0,5098.0
486,0.8569843377658123,188444.0,31448.0,0.0,3845.0
487,0.8493746528337723,189611.0,33625.0,0.0,2593.0
488,0.8817709361226235,201057.0,26958.0,0.0,6294.0
489,0.8527435081790808,180681.0,31201.0,0.0,5113.0
490,0.8359807523154137,177727.0,34870.0,0.0,5076.0
491,0.8604016850346794,202203.0,32807.0,0.0,5052.0
492,0.8667755835734265,206381.0,31721.0,0.0,5023.0
493,0.8267076140087509,180629.0,37863.0,0.0,3839.0
494,0.8409575525398001,186151.0,35205.0,0.0,3845.0
495,0.860457397019285,181461.0,29428.0,0.0,7668.0
496,0.8449185864904788,199623.0,36640.0,0.0,8761.0
497,0.8509617634670286,181825.0,31845.0,0.0,10154.0
498,0.8515001617067752,160604.0,28009.0,0.0,10189.0
499,0.8573931025482726,170821.0,28412.0,0.0,5130.0
500,0.8386297936994979,170002.0,32712.0,0.0,8894.0
501,0.8369116783912759,196773.0,38345.0,0.0,8723.0
502,0.8508136642249843,185029.0,32444.0,0.0,15193.0
503,0.8405549654573067,191507.0,36327.0,0.0,3809.0
504,0.845937988412295,214337.0,39035.0,0.0,6276.0
505,0.8438291890149446,188476.0,34882.0,0.0,5048.0
506,0.8481126698413282,184512.0,33044.0,0.0,5055.0
507,0.8314618519149383,190374.0,38589.0,0.0,5067.0
508,0.8336364033109789,171915.0,34308.0,0.0,7681.0
509,0.8460030515023689,179098.0,32601.0,0.0,8899.0
510,0.8281076144922268,186807.0,38776.0,0.0,8787.0
511,0.8558495048357581,177249.0,29854.0,0.0,5129.0
512,0.8517245791368879,186388.0,32448.0,0.0,5081.0
513,0.8460055260699306,170240.0,30988.0,0.0,11561.0
514,0.8488476320817829,194134.0,34569.0,0.0,8886.0
515,0.8508682902391307,197016.0,34531.0,0.0,5078.0
516,0.8086552810479191,170695.0,40390.0,0.0,5122.0
517,0.8404792290449778,205477.0,38999.0,0.0,5025.0
518,0.8628811063943032,201028.0,31945.0,0.0,11315.0
519,0.8303479053781542,189409.0,38699.0,0.0,12708.0
520,0.8445647267054928,188957.0,34776.0,0.0,13903.0
521,0.8198660647167728,190864.0,41935.0,0.0,10090.0
522,0.8201552951753326,193400.0,42409.0,0.0,7519.0
523,0.8634479611625873,204360.0,32319.0,0.0,3815.0
524,0.8257393021159707,192389.0,40601.0,0.0,3821.0
525,0.8344566002454792,188321.0,37360.0,0.0,8860.0
526,0.8592946830314024,182381.0,29864.0,0.0,2600.0
527,0.8499361649258399,198387.0,35027.0,0.0,5053.0
528,0.8529594912116105,205466.0,35420.0,0.0,10033.0
529,0.841729917773561,159693.0,30027.0,0.0,2635.0
530,0.8330462488620745,186679.0,37413.0,0.0,7558.0
531,0.8532155153278328,180659.0,31080.0,0.0,5139.0
532,0.8687115475350714,185959.0,28104.0,0.0,8842.0
533,0.8451885722143913,196672.0,36024.0,0.0,8755.0
534,0.8242628027873022,186304.0,39721.0,0.0,6285.0
535,0.8350501749360342,188313.0,37198.0,0.0,6395.0
536,0.8520606471571092,192253.0,33380.0,0.0,11369.0
537,0.833291504866552,182615.0,36534.0,0.0,3871.0
538,0.8744031460104021,172323.0,24752.0,0.0,3900.0
539,0.8579043466662988,186535.0,30896.0,0.0,8868.0
540,0.8355394862392187,178635.0,35161.0,0.0,6327.0
541,0.8505765210010972,205444.0,36091.0,0.0,3800.0
542,0.859946687010976,189368.0,30841.0,0.0,5138.0
543,0.8343161307281171,190441.0,37819.0,0.0,7562.0
544,0.8693554130325343,212407.0,31920.0,0.0,3846.0
545,0.8564430466937355,188993.0,31679.0,0.0,12546.0
546,0.8494792150634826,201121.0,35637.0,0.0,6362.0
547,0.8143136600470973,175667.0,40057.0,0.0,6333.0
548,0.8362555447649545,191163.0,37431.0,0.0,5106.0
549,0.8345102010001154,187910.0,37264.0,0.0,3822.0
550,0.8457530263555626,176271.0,32148.0,0.0,5122.0
551,0.820536361667467,174277.0,38117.0,0.0,12709.0
552,0.8428387572899417,187299.0,34925.0,0.0,3830.0
553,0.8505756798070315,181956.0,31965.0,0.0,10168.0
554,0.8256142234846845,190669.0,40273.0,0.0,5091.0
555,0.8584232120028983,186004.0,30677.0,0.0,6384.0
556,0.8562836437120012,196613.0,32999.0,0.0,3829.0
557,0.8293525641337149,170665.0,35116.0,0.0,3860.0
558,0.8350075644233227,199247.0,39370.0,0.0,11179.0
559,0.8503069731747305,195006.0,34330.0,0.0,5089.0
560,0.8334651303633355,216065.0,43172.0,0.0,5011.0
561,0.8624880092402263,176227.0,28097.0,0.0,7693.0
562,0.8538444651775424,155579.0,26631.0,0.0,5198.0
563,0.8439166046165302,170007.0,31443.0,0.0,3873.0
564,0.8447862915003408,173536.0,31884.0,0.0,5137.0
565,0.8575696955048263,166757.0,27696.0,0.0,3871.0
566,0.850897791588059,191686.0,33589.0,0.0,5062.0
567,0.8502282508390975,208226.0,36680.0,0.0,2580.0
568,0.8272761254258311,194759.0,40663.0,0.0,1347.0
569,0.8480116289456802,208850.0,37432.0,0.0,7490.0
570,0.8353066794192097,202617.0,39949.0,0.0,3810.0
571,0.8619678652614177,200211.0,32061.0,0.0,7555.0
572,0.8340252778122601,181403.0,36100.0,0.0,3822.0
573,0.8416456371711032,186103.0,35015.0,0.0,7589.0
574,0.8403774634180251,193428.0,36740.0,0.0,15100.0
575,0.8576807468611731,188610.0,31297.0,0.0,3857.0
576,0.8573831597882866,198275.0,32981.0,0.0,7582.0
577,0.845908215661104,158151.0,28809.0,0.0,3908.0
578,0.8620769846558409,192763.0,30840.0,0.0,1333.0
579,0.8705305887156822,181214.0,26951.0,0.0,6465.0
580,0.8500561778625174,174769.0,30828.0,0.0,6410.0
581,0.8059021740802855,157134.0,37845.0,0.0,2614.0
582,0.8354922168453082,194404.0,38278.0,0.0,10106.0
583,0.8336002247506672,178032.0,35538.0,0.0,5085.0
584,0.8351644318293041,204789.0,40419.0,0.0,3805.0
585,0.8355581654498292,180707.0,35564.0,0.0,1349.0
586,0.8634298680303372,179988.0,28469.0,0.0,3877.0
587,0.8561367825589525,202044.0,33951.0,0.0,2618.0
588,0.8418620155318114,186890.0,35106.0,0.0,7534.0
589,0.8447331906783911,202121.0,37151.0,0.0,2547.0
590,0.8266388218383011,182874.0,38352.0,0.0,6302.0
591,0.8379409587306872,191286.0,36995.0,0.0,5096.0
592,0.8300577883648114,190607.0,39024.0,0.0,13795.0
593,0.85043893597408,218647.0,38452.0,0.0,1337.0
594,0.8325165656007484,171749.0,34552.0,0.0,8886.0
595,0.8486377127949848,191277.0,34116.0,0.0,7566.0
596,0.8366244528532524,186164.0,36354.0,0.0,10193.0
597,0.8406978874898563,192693.0,36513.0,0.0,7554.0
598,0.8743719013451039,208988.0,30027.0,0.0,2556.0
599,0.8364890831179431,196769.0,38463.0,0.0,7477.0
600,0.8575090208868226,197721.0,32855.0,0.0,8864.0
601,0.8362292449699047,186444.0,36514.0,0.0,11300.0
602,0.8438570281191349,202778.0,37521.0,0.0,7504.0
603,0.8562933189280253,187047.0,31391.0,0.0,8857.0
604,0.8104427205550802,176140.0,41198.0,0.0,8874.0
605,0.8316571815776269,193920.0,39253.0,0.0,5047.0
606,0.8676874295575395,185535.0,28292.0,0.0,7633.0
607,0.8407014378946251,158447.0,30023.0,0.0,2643.0
608,0.8384856599417705,179420.0,34561.0,0.0,5127.0
609,0.8467017149677895,192943.0,34933.0,0.0,2602.0
610,0.8528781312096131,218040.0,37612.0,0.0,8740.0
611,0.8531294420949471,193256.0,33270.0,0.0,1356.0
612,0.8466238530583724,203547.0,36875.0,0.0,5126.0
613,0.8546545160918214,192634.0,32760.0,0.0,12582.0
614,0.8562103526023409,162912.0,27359.0,0.0,2605.0
615,0.8521297726771132,181467.0,31490.0,0.0,2607.0
616,0.8412842389277443,182716.0,34471.0,0.0,5124.0
617,0.8487889058324689,177559.0,31632.0,0.0,5130.0
618,0.8589727063352927,199907.0,32821.0,0.0,6345.0
619,0.8715997586370282,215225.0,31706.0,0.0,5006.0
620,0.8232793304503109,191326.0,41069.0,0.0,2607.0
621,0.8518146798542425,204542.0,35583.0,0.0,5049.0
622,0.8461500825093518,190234.0,34589.0,0.0,10058.0
623,0.8510797349953746,182160.0,31874.0,0.0,3883.0
624,0.8556252319646016,177514.0,29953.0,0.0,11435.0
625,0.8157056074030941,207323.0,46841.0,0.0,6221.0
626,0.8548605786314076,182841.0,31043.0,0.0,2611.0
627,0.8674327714491091,182219.0,27848.0,0.0,1370.0
628,0.8398468478455516,196976.0,37562.0,0.0,7534.0
629,0.8708721115962091,204459.0,30316.0,0.0,3806.0
630,0.8401075146481597,177219.0,33729.0,0.0,6384.0
631,0.8776660545923232,198837.0,27715.0,0.0,2567.0
632,0.8465945910665417,181592.0,32905.0,0.0,6340.0
633,0.8632341626057963,201945.0,31995.0,0.0,7529.0
634,0.8469468804201585,208996.0,37768.0,0.0,11232.0
635,0.8216775052751738,190031.0,41241.0,0.0,6346.0
636,0.8655042837817526,172746.0,26844.0,0.0,2642.0
637,0.8161770053782992,213214.0,48021.0,0.0,11009.0
638,0.8219861705694557,169159.0,36634.0,0.0,8862.0
639,0.8378018897363885,163771.0,31706.0,0.0,6465.0
640,0.8653086553520947,175694.0,27348.0,0.0,2596.0
641,0.826182500334986,184974.0,38916.0,0.0,8837.0
642,0.8387735225262255,187741.0,36087.0,0.0,1343.0
643,0.8793649119105391,183381.0,25157.0,0.0,7655.0
644,0.8450801279980705,196220.0,35971.0,0.0,10132.0
645,0.8404885011373405,204332.0,38779.0,0.0,10045.0
646,0.8581502985156378,188007.0,31077.0,0.0,1332.0
647,0.8555933942899795,183405.0,30955.0,0.0,3876.0
648,0.8544021881801015,201791.0,34387.0,0.0,2569.0
649,0.849542889159162,186501.0,33030.0,0.0,6322.0
650,0.8642584455809263,191976.0,30152.0,0.0,1345.0
651,0.8629861632841925,173449.0,27538.0,0.0,3875.0
652,0.8483735285853872,202304.0,36157.0,0.0,6287.0
653,0.8513069118896497,170338.0,29752.0,0.0,6360.0
654,0.8228585530084698,186728.0,40198.0,0.0,3836.0
655,0.8220044329547744,191735.0,41518.0,0.0,11264.0
656,0.8697200570863981,198057.0,29668.0,0.0,7502.0
657,0.8095465767596375,196413.0,46208.0,0.0,7500.0
658,0.8255229502266295,193969.0,40996.0,0.0,7550.0
659,0.8517672545741399,180860.0,31475.0,0.0,3838.0
660,0.8274332612800758,169575.0,35366.0,0.0,8908.0
661,0.8702273731589425,191021.0,28486.0,0.0,6320.0
662,0.833526181265543,193058.0,38558.0,0.0,7559.0
663,0.8535223668132691,207458.0,35603.0,0.0,5072.0
664,0.8446504836340925,200145.0,36811.0,0.0,7542.0
665,0.8737796222418052,201283.0,29076.0,0.0,2608.0
666,0.8394072607331758,156003.0,29846.0,0.0,3878.0
667,0.8535908328471412,187271.0,32121.0,0.0,6360.0
668,0.8641685056918741,197752.0,31083.0,0.0,7535.0
669,0.8493755054362476,189054.0,33526.0,0.0,7636.0
670,0.8521248852693075,175467.0,30450.0,0.0,3884.0
671,0.8251812361425973,165618.0,35087.0,0.0,8960.0
672,0.8609900577888197,190259.0,30718.0,0.0,3847.0
673,0.8760964144621693,175193.0,24777.0,0.0,8891.0
674,0.8680402952419878,180522.0,27443.0,0.0,6362.0
675,0.8573894086656372,160463.0,26690.0,0.0,10304.0
676,0.8676646525549274,200893.0,30640.0,0.0,6287.0
677,0.8555083375465158,187826.0,31723.0,0.0,5077.0
678,0.8455251383122764,188591.0,34455.0,0.0,1349.0
679,0.8738014994153656,190563.0,27522.0,0.0,5138.0
680,0.8466788405309171,231366.0,41897.0,0.0,8586.0
681,0.8800299379411428,169316.0,23082.0,0.0,3920.0
682,0.8612039352726624,202823.0,32688.0,0.0,3839.0
683,0.8182113933988904,188628.0,41909.0,0.0,10109.0
684,0.8456644836364134,185039.0,33770.0,0.0,5094.0
685,0.8492832271023889,185610.0,32939.0,0.0,5088.0
686,0.8259681176134067,181917.0,38330.0,0.0,7542.0
687,0.8182101429443591,194329.0,43176.0,0.0,8748.0
688,0.85427192412995,181596.0,30978.0,0.0,3839.0
689,0.842827335599578,179754.0,33521.0,0.0,6386.0
690,0.8120082378412631,169147.0,39160.0,0.0,6388.0
691,0.8545336626958769,179194.0,30504.0,0.0,5159.0
692,0.8402198773595836,195804.0,37235.0,0.0,80.0
693,0.8670562381875995,174789.0,26800.0,0.0,5124.0
694,0.8390183846917807,183323.0,35174.0,0.0,5108.0
695,0.8249645981843783,205648.0,43633.0,0.0,6295.0
696,0.8571708151849879,188335.0,31382.0,0.0,7585.0
697,0.8452505756808599,184634.0,33803.0,0.0,8835.0
698,0.8784147402746797,175632.0,24310.0,0.0,6409.0
699,0.8614056535515581,172630.0,27775.0,0.0,7659.0
700,0.8571298540782402,178919.0,29823.0,0.0,6391.0
701,0.8445991812889556,164234.0,30218.0,0.0,3914.0
702,0.8704839478282356,197283.0,29353.0,0.0,3822.0
703,0.8561109492561609,185128.0,31115.0,0.0,8806.0
704,0.8348217817635205,179384.0,35493.0,0.0,10152.0
705,0.8238743766540048,183055.0,39133.0,0.0,7575.0
706,0.8380575336126893,162998.0,31497.0,0.0,7635.0
707,0.847320911838467,210827.0,37989.0,0.0,3770.0
708,0.8443524074706238,205295.0,37844.0,0.0,5034.0
709,0.8445646457816843,191114.0,35173.0,0.0,8823.0
710,0.8513274853557009,203904.0,35609.0,0.0,6313.0
711,0.8523351893493236,191039.0,33097.0,0.0,8838.0
712,0.8541137166176813,201968.0,34497.0,0.0,6266.0
713,0.834662674227569,188991.0,37437.0,0.0,2561.0
714,0.826261191006122,148865.0,31302.0,0.0,6444.0
715,0.8399569498146451,210720.0,40150.0,0.0,12424.0
716,0.853129450883426,161128.0,27739.0,0.0,2651.0
717,0.8628836037570853,190441.0,30262.0,0.0,3853.0
718,0.8382580138250069,189904.0,36642.0,0.0,11223.0
719,0.8495487364620938,188260.0,33340.0,0.0,15057.0
720,0.8318048656222138,182854.0,36974.0,0.0,7602.0
721,0.848632316043228,206995.0,36921.0,0.0,12567.0
722,0.8553038769976089,192085.0,32496.0,0.0,7638.0
723,0.8673541963015647,187803.0,28721.0,0.0,7641.0
724,0.8378370457209847,171522.0,33198.0,0.0,6373.0
725,0.8474588482598451,199963.0,35993.0,0.0,5052.0
726,0.8353017594932508,176176.0,34737.0,0.0,8842.0
727,0.8554047668467004,193697.0,32742.0,0.0,6282.0
728,0.8544185578902252,161474.0,27513.0,0.0,3914.0
729,0.845644145122746,186840.0,34104.0,0.0,5065.0
730,0.8435498133840387,203185.0,37684.0,0.0,6249.0
731,0.8696960487623222,203181.0,30442.0,0.0,7492.0
732,0.8350843399043941,189018.0,37328.0,0.0,5012.0
733,0.8394563029736088,177681.0,33981.0,0.0,8897.0
734,0.8406117624522741,193086.0,36611.0,0.0,5041.0
735,0.8438923115112946,186977.0,34588.0,0.0,3853.0
736,0.8730375774292509,222828.0,32405.0,0.0,3807.0
737,0.850842857406621,184330.0,32314.0,0.0,8915.0
738,0.8532206600639898,195472.0,33627.0,0.0,5041.0
739,0.8424480062369586,183700.0,34355.0,0.0,6382.0
740,0.8389521160187976,195126.0,37457.0,0.0,7579.0
741,0.8620987185415153,208821.0,33403.0,0.0,7500.0
742,0.8427029865203733,186175.0,34751.0,0.0,5111.0
743,0.8404792189961015,183032.0,34739.0,0.0,6359.0
744,0.8465529483220271,197919.0,35875.0,0.0,7513.0
745,0.8572634749669116,187835.0,31275.0,0.0,6366.0
746,0.8491854622963656,195215.0,34670.0,0.0,5099.0
747,0.826842569409952,163141.0,34165.0,0.0,5225.0
748,0.881019662755485,208888.0,28210.0,0.0,6286.0
749,0.8386008483213829,188416.0,36263.0,0.0,6281.0
750,0.8485107082065066,185935.0,33196.0,0.0,7639.0
751,0.847604293151335,182190.0,32757.0,0.0,5139.0
752,0.8459512078301632,190751.0,34736.0,0.0,3821.0
753,0.8587721537451681,188394.0,30982.0,0.0,6275.0
754,0.8492291438236065,191305.0,33964.0,0.0,8793.0
755,0.8555441766013689,195485.0,33007.0,0.0,8833.0
756,0.8566502012440541,187298.0,31342.0,0.0,5162.0
757,0.8297406598437664,173985.0,35701.0,0.0,6331.0
758,0.842697918675003,183575.0,34267.0,0.0,2578.0
759,0.8610929527337438,189685.0,30599.0,0.0,6357.0
760,0.8723461725460537,161480.0,23630.0,0.0,5175.0
761,0.8506649805956482,195083.0,34247.0,0.0,5109.0
762,0.8649544000174129,198693.0,31022.0,0.0,5074.0
763,0.8446015207215811,205163.0,37748.0,0.0,5017.0
764,0.8517622640318202,215857.0,37567.0,0.0,3778.0
765,0.8735094659508336,185481.0,26859.0,0.0,3817.0
766,0.8313674071956347,168662.0,34211.0,0.0,3864.0
767,0.8592571356058861,182825.0,29946.0,0.0,1361.0
768,0.8053596614950634,195282.0,47196.0,0.0,8650.0
769,0.8617992910860637,183808.0,29476.0,0.0,7676.0
770,0.8486169383631009,181834.0,32437.0,0.0,5131.0
771,0.827817100792752,175431.0,36489.0,0.0,10058.0
772,0.8492256632613144,206237.0,36616.0,0.0,3807.0
773,0.8265588588054488,181247.0,38032.0,0.0,8815.0
774,0.8325246710526316,182223.0,36657.0,0.0,3854.0
775,0.8494588906014352,205022.0,36334.0,0.0,1349.0
776,0.8352649127503712,171601.0,33844.0,0.0,13795.0
777,0.8583267716535433,218015.0,35985.0,0.0,7523.0
778,0.8487475487803796,191306.0,34092.0,0.0,5079.0
779,0.8565590598908942,219035.0,36680.0,0.0,14728.0
780,0.8674713673936859,217757.0,33268.0,0.0,9948.0
781,0.827992502967128,154178.0,32029.0,0.0,2628.0
782,0.8405613851941179,186803.0,35433.0,0.0,5090.0
783,0.8481720924882089,184329.0,32996.0,0.0,10164.0
784,0.8472875720718825,201324.0,36286.0,0.0,2559.0
785,0.8566598487119356,194335.0,32517.0,0.0,3869.0
786,0.834739793950269,192592.0,38129.0,0.0,11164.0
787,0.8667630138128457,187122.0,28764.0,0.0,2621.0
788,0.8384935284237378,186704.0,35962.0,0.0,6383.0
789,0.8666225165562914,189747.0,29203.0,0.0,3858.0
790,0.8284019590726566,180305.0,37349.0,0.0,6337.0
791,0.8348146230620991,174144.0,34458.0,0.0,3878.0
792,0.8599520315760649,182143.0,29663.0,0.0,8911.0
793,0.847972247460147,205328.0,36812.0,0.0,6257.0
794,0.8455636847518266,173475.0,31684.0,0.0,2644.0
795,0.8612103041992094,180396.0,29072.0,0.0,7668.0
796,0.837850654798818,183744.0,35560.0,0.0,7659.0
797,0.8423624016236908,196727.0,36815.0,0.0,8755.0
798,0.8160049376108697,189061.0,42630.0,0.0,3835.0
799,0.8493317873924452,194852.0,34566.0,0.0,3812.0
800,0.850962351030369,206429.0,36154.0,0.0,7535.0
801,0.8503223179751646,187968.0,33087.0,0.0,6395.0
802,0.8583040216976734,202534.0,33436.0,0.0,3833.0
803,0.8364839156745776,194347.0,37991.0,0.0,5082.0
804,0.8547393597208336,217997.0,37048.0,0.0,6197.0
805,0.8814700484310611,178183.0,23960.0,0.0,3872.0
806,0.8506638818439505,193868.0,34034.0,0.0,2608.0
807,0.8473145832902812,205012.0,36943.0,0.0,3795.0
808,0.8562449961887137,178605.0,29986.0,0.0,3851.0
809,0.8485420570403452,180686.0,32251.0,0.0,10106.0
810,0.8537483495944718,199159.0,34117.0,0.0,5021.0
811,0.8647947755622144,173739.0,27163.0,0.0,7627.0
812,0.860384656600346,168607.0,27360.0,0.0,5173.0
813,0.8515827314023675,177905.0,31006.0,0.0,7651.0
814,0.8429278652030756,180996.0,33727.0,0.0,3868.0
815,0.8541523898284952,186962.0,31924.0,0.0,10136.0
816,0.8314742470586627,182403.0,36970.0,0.0,11267.0
817,0.8597488779359529,187341.0,30561.0,0.0,2586.0
818,0.8476256118095604,194308.0,34930.0,0.0,3825.0
819,0.8177792060857659,185761.0,41392.0,0.0,10134.0
820,0.8410067048081179,205209.0,38795.0,0.0,8672.0
821,0.8403615336022159,172938.0,32852.0,0.0,8914.0
822,0.8289790555106126,177278.0,36573.0,0.0,5122.0
823,0.8347898662403788,189039.0,37412.0,0.0,5094.0
824,0.8496017527443687,223362.0,39540.0,0.0,5011.0
825,0.8577555292794976,177003.0,29353.0,0.0,7632.0
826,0.8575090754268812,191336.0,31794.0,0.0,5054.0
827,0.8409985376881588,193814.0,36643.0,0.0,2626.0
828,0.8588785544392772,193550.0,31802.0,0.0,3839.0
829,0.8215104534085808,204957.0,44531.0,0.0,13696.0
830,0.8472439250325152,181095.0,32651.0,0.0,5074.0
831,0.8526463889777711,181201.0,31315.0,0.0,8860.0
832,0.8364981062544784,196122.0,38334.0,0.0,3840.0
833,0.8468446828669416,190380.0,34431.0,0.0,7597.0
834,0.8409215298843218,181301.0,34297.0,0.0,1321.0
835,0.8374005597302717,190002.0,36893.0,0.0,5095.0
836,0.8422174363740349,188495.0,35313.0,0.0,3824.0
837,0.8421305085430383,166789.0,31267.0,0.0,7664.0
838,0.8469415843032008,196919.0,35587.0,0.0,2566.0
839,0.8486048464436318,184939.0,32994.0,0.0,10153.0
840,0.8517918225854588,185516.0,32279.0,0.0,2585.0
841,0.8168833838936932,194687.0,43642.0,0.0,5023.0
842,0.8571139018498296,207209.0,34543.0,0.0,8727.0
843,0.8306162757151417,187142.0,38163.0,0.0,6390.0
844,0.8508188777070483,180839.0,31708.0,0.0,3874.0
845,0.8631049160118617,177835.0,28206.0,0.0,5136.0
846,0.8362285629804849,203625.0,39879.0,0.0,7476.0
847,0.85444769361381,190218.0,32403.0,0.0,1329.0
848,0.8414214325374791,166694.0,31416.0,0.0,6432.0
849,0.8508566480716546,179826.0,31521.0,0.0,5118.0
850,0.8500115436117652,184087.0,32483.0,0.0,5059.0
851,0.8471350078492935,181314.0,32718.0,0.0,2603.0
852,0.8505483518748328,193965.0,34082.0,0.0,5047.0
853,0.8329070225880588,173233.0,34753.0,0.0,6373.0
854,0.8200909589336594,182485.0,40033.0,0.0,5071.0
855,0.83105269294045,192461.0,39126.0,0.0,7520.0
856,0.8472697134146595,203432.0,36671.0,0.0,8659.0
857,0.8717642335487324,182394.0,26830.0,0.0,5100.0
858,0.8461959861473016,177636.0,32287.0,0.0,2587.0
859,0.8573309198617739,218820.0,36414.0,0.0,7467.0
860,0.859693901756317,181208.0,29574.0,0.0,6385.0
861,0.8561524412404713,186101.0,31268.0,0.0,7662.0
862,0.8492933615398847,211170.0,37472.0,0.0,13633.0
863,0.8274635971067201,183380.0,38237.0,0.0,2574.0
864,0.8513175515991808,172906.0,30198.0,0.0,6361.0
865,0.8354908881766613,180131.0,35468.0,0.0,15066.0
866,0.8620678234156803,208223.0,33316.0,0.0,5053.0
867,0.8280331346186196,201819.0,41914.0,0.0,6195.0
868,0.8668379803309927,189242.0,29071.0,0.0,2620.0
869,0.8770721314801664,172906.0,24234.0,0.0,10165.0
870,0.8608907384822997,205418.0,33193.0,0.0,8747.0
871,0.8463054504024403,184217.0,33455.0,0.0,5150.0
872,0.8445070274484384,192817.0,35502.0,0.0,3813.0
873,0.8649808116760455,174003.0,27161.0,0.0,5175.0
874,0.8443050438073554,219521.0,40481.0,0.0,8626.0
875,0.8596457808489258,180511.0,29472.0,0.0,5098.0
876,0.8521335745386,179467.0,31142.0,0.0,6430.0
877,0.856993100976615,191298.0,31922.0,0.0,5059.0
878,0.8492905617122932,158560.0,28137.0,0.0,3923.0
879,0.8520463481861765,195675.0,33978.0,0.0,11308.0
880,0.8650924645482347,174535.0,27218.0,0.0,8883.0
881,0.8373757113712016,194962.0,37863.0,0.0,2616.0
882,0.8403556607332716,196018.0,37238.0,0.0,5077.0
883,0.8525822996968194,194318.0,33599.0,0.0,8791.0
884,0.8492904319885755,190309.0,33771.0,0.0,8792.0
885,0.8387338671377031,201328.0,38710.0,0.0,7541.0
886,0.8417571993224167,186344.0,35031.0,0.0,8863.0
887,0.8589657488247145,186734.0,30660.0,0.0,7570.0
888,0.8643261136536509,203401.0,31928.0,0.0,6277.0
889,0.8557877020144163,194233.0,32731.0,0.0,5091.0
890,0.8512620144727883,215039.0,37573.0,0.0,8705.0
891,0.8554190993222692,171278.0,28949.0,0.0,6427.0
892,0.8547342262036314,174035.0,29578.0,0.0,10203.0
893,0.8634886349365817,171899.0,27176.0,0.0,8888.0
894,0.8330785734675273,180943.0,36255.0,0.0,11393.0
895,0.8410080570513285,208972.0,39506.0,0.0,6218.0
896,0.8582156581323209,185366.0,30624.0,0.0,5117.0
897,0.8636226811812329,192226.0,30355.0,0.0,5100.0
898,0.8473500070918633,179223.0,32287.0,0.0,6349.0
899,0.843250773202464,197943.0,36795.0,0.0,11303.0
900,0.8653398660991438,193747.0,30150.0,0.0,7641.0
901,0.8616038678086247,194962.0,31316.0,0.0,5054.0
902,0.8515332000052515,194583.0,33926.0,0.0,6309.0
903,0.857360485404026,197541.0,32865.0,0.0,6362.0
904,0.843156860994554,188884.0,35136.0,0.0,5111.0
905,0.8463106202112616,208872.0,37931.0,0.0,7429.0
906,0.8521216003565013,183570.0,31857.0,0.0,7614.0
907,0.8599223663805974,178556.0,29086.0,0.0,3874.0
908,0.8388616919064831,201685.0,38742.0,0.0,10041.0
909,0.8396945875532237,185968.0,35503.0,0.0,8853.0
910,0.8489263143393432,197192.0,35092.0,0.0,5110.0
911,0.8579565664391204,176081.0,29152.0,0.0,6410.0
912,0.8521695630423908,195901.0,33984.0,0.0,5058.0
913,0.8517582659270301,174274.0,30331.0,0.0,6363.0
914,0.8422239186432203,188659.0,35342.0,0.0,5047.0
915,0.8252235705037487,164439.0,34827.0,0.0,5163.0
916,0.8562364185793834,201743.0,33873.0,0.0,6282.0
917,0.8617405948931323,208767.0,33495.0,0.0,8734.0
918,0.8539042228051256,181324.0,31023.0,0.0,5083.0
919,0.8423475258918297,168360.0,31510.0,0.0,6453.0
920,0.8585433991402159,197914.0,32609.0,0.0,7599.0
921,0.8438317980880208,193748.0,35857.0,0.0,3810.0
922,0.8570606704760418,175790.0,29318.0,0.0,6429.0
923,0.8424644698478555,193306.0,36147.0,0.0,6337.0
924,0.8362376237623762,185812.0,36388.0,0.0,1335.0
925,0.8395039796877776,193755.0,37042.0,0.0,2579.0
926,0.856032080473051,188922.0,31773.0,0.0,5079.0
927,0.8524117106593594,184623.0,31966.0,0.0,8826.0
928,0.8639789068197543,184812.0,29096.0,0.0,6381.0
929,0.8610037244825798,219153.0,35379.0,0.0,6256.0
930,0.8286766991533947,181278.0,37478.0,0.0,7622.0
931,0.8317251637358155,173344.0,35071.0,0.0,6384.0
932,0.8393732443591558,193332.0,36997.0,0.0,10093.0
933,0.8578025256040569,215673.0,35752.0,0.0,3795.0
934,0.8125135565035067,179806.0,41490.0,0.0,7585.0
935,0.8602251262281835,167134.0,27157.0,0.0,1345.0
936,0.854078560676654,190644.0,32572.0,0.0,2617.0
937,0.858314631182984,161776.0,26705.0,0.0,5165.0
938,0.8617584149499043,214340.0,34384.0,0.0,8739.0
939,0.8321525610928897,198153.0,39968.0,0.0,7493.0
940,0.8503822656128225,223682.0,39355.0,0.0,7392.0
941,0.8456882696901455,173120.0,31589.0,0.0,8898.0
942,0.8383161839112705,167343.0,32275.0,0.0,7698.0
943,0.865459296482412,215283.0,33467.0,0.0,6291.0
944,0.8905943288049287,183295.0,22517.0,0.0,1347.0
945,0.8455578649449432,191206.0,34924.0,0.0,8848.0
946,0.8768389467405509,192574.0,27049.0,0.0,10001.0
947,0.8542711724517401,186308.0,31782.0,0.0,5119.0
948,0.8332290954576528,171861.0,34398.0,0.0,5144.0
949,0.869037543586445,205364.0,30948.0,0.0,8729.0
950,0.8516123454655485,197012.0,34328.0,0.0,5022.0
951,0.8376106762479147,169715.0,32903.0,0.0,6427.0
952,0.8594536834606598,209925.0,34329.0,0.0,3832.0
953,0.8495527357896024,180637.0,31989.0,0.0,10085.0
954,0.8380646002695301,192780.0,37250.0,0.0,7531.0
955,0.8795121162004745,195702.0,26810.0,0.0,3839.0
956,0.8282512323702588,193559.0,40137.0,0.0,5068.0
957,0.8367502993122373,191497.0,37361.0,0.0,7555.0
958,0.8630297604857425,177388.0,28153.0,0.0,3884.0
959,0.8751473758674122,207837.0,29651.0,0.0,5100.0
960,0.8472359528710112,209108.0,37704.0,0.0,6312.0
961,0.8581398179580465,190350.0,31467.0,0.0,1337.0
962,0.8401762672250085,172547.0,32823.0,0.0,7642.0
963,0.8302034428794992,186736.0,38192.0,0.0,1360.0
964,0.8562092636250174,197572.0,33180.0,0.0,3837.0
965,0.849520295202952,207198.0,36702.0,0.0,6297.0
966,0.8280450713346774,214804.0,44607.0,0.0,12335.0
967,0.84846616514673,191285.0,34163.0,0.0,8838.0
968,0.875300018528972,203130.0,28939.0,0.0,2541.0
969,0.8576843967709831,193901.0,32174.0,0.0,6364.0
970,0.8380023788656566,214180.0,41404.0,0.0,9922.0
971,0.8315859148809314,164580.0,33331.0,0.0,5163.0
972,0.8473918935804154,176327.0,31755.0,0.0,6424.0
973,0.8463327328451442,180874.0,32841.0,0.0,6380.0
974,0.854249663848405,205207.0,35012.0,0.0,3818.0
975,0.8391768292682927,209190.0,40090.0,0.0,5043.0
976,0.8504042748320201,181745.0,31971.0,0.0,14050.0
977,0.8480834803314351,193754.0,34707.0,0.0,7663.0
978,0.8539937045052135,173634.0,29686.0,0.0,7665.0
979,0.8553946702181525,201034.0,33985.0,0.0,9947.0
980,0.8530260836291745,200636.0,34569.0,0.0,5036.0
981,0.8222791880288441,197273.0,42637.0,0.0,6216.0
982,0.847813592379373,179962.0,32304.0,0.0,7587.0
983,0.8466801917361554,208252.0,37711.0,0.0,14901.0
984,0.8376512061562602,155876.0,30211.0,0.0,5188.0
985,0.8706606658001489,188229.0,27962.0,0.0,8865.0
986,0.8565307854463822,187719.0,31443.0,0.0,3834.0
987,0.8427635659090189,186169.0,34734.0,0.0,8892.0
988,0.8448548133821873,190459.0,34975.0,0.0,99.0
989,0.8678359313913058,208659.0,31777.0,0.0,8816.0
990,0.8341679299032744,177742.0,35335.0,0.0,8829.0
991,0.8689986776175526,193201.0,29125.0,0.0,2574.0
992,0.850768199736094,204386.0,35851.0,0.0,3825.0
993,0.8339577387091358,173851.0,34614.0,0.0,8830.0
994,0.8699440436615768,189205.0,28286.0,0.0,3847.0
995,0.850132609480644,204825.0,36108.0,0.0,9904.0
996,0.8589563799077458,199064.0,32687.0,0.0,6326.0
997,0.8521547351241674,193192.0,33518.0,0.0,6353.0
998,0.8647592419728715,193617.0,30280.0,0.0,6346.0
999,0.8570755101855797,189076.0,31530.0,0.0,3877.0
